file,sample_mean_intensity,mean_intensity_0_500,mean_intensity_500_1000,mean_intensity_1000_1500,mean_intensity_1500_2000
X-040501.tif,46.51607645764234,0.0,94.94032608851076,147.40980897738376,1.6553816758418531
X-040502.tif,44.941779669456366,0.0,100.40546077875544,128.7281238434325,3.4181352390239477
X-040503.tif,56.84153466726172,0.0,117.07842454541058,175.66547504594254,3.6638724489795917
X-040504.tif,50.512312651631426,0.0,68.48224228850903,190.90762690668734,3.8541025131954867
X-040505.tif,57.133209845470056,0.0,107.61344378064986,190.1070407136053,3.0609725871132385
X-040506.tif,47.243003744927016,0.0,96.47585538567908,149.38429763696988,1.8898292016549016
X-040507.tif,54.573767074927275,0.0,103.25889279841417,182.24675603135628,2.6103979456220574
X-040508.tif,57.437868526684156,0.0,118.06876985641479,178.10747220218286,4.183939179912033
X-040509.tif,61.91915221369265,0.0,110.36413616765621,213.36810156912637,3.6394560126284046
X-040510.tif,60.1067390052836,0.0,121.37988759263335,189.3832342911326,3.6722203559152713
X-040511.tif,47.250820027638994,0.0,59.71583936717963,182.01242950093484,2.5288496131166402
X-040512.tif,65.46868267366953,0.0,127.63687407091822,210.98942288981132,2.738464739511667
X-040513.tif,55.96860705605094,0.0,119.25103469732124,171.62469218870842,2.647403173263962
X-040514.tif,50.648619563755,0.0,96.09122486305714,170.76498910223145,2.5287358242518594
X-040515.tif,42.02300715859229,0.0,57.19707372563851,163.2759587405893,1.446463143090142
X-040516.tif,56.081954246362464,0.0,126.15967622043162,165.9954881255301,5.079397146828763
X-040517.tif,47.6105063949074,0.0,102.47277954182978,148.93830422647528,2.335934005123
X-040518.tif,52.05393969274645,0.0,117.34048712871287,154.395989009901,3.80098875
X-040519.tif,42.63016463368293,0.0,96.82546177230581,126.87490892739525,1.326098786543041
X-040520.tif,49.74355144341638,0.0,107.049244438258,153.53153217216587,3.733382918976494
X-040521.tif,48.6810866093584,0.0,98.16973826006489,158.89652007121856,1.2946723360391703
X-040522.tif,51.14209140224533,0.0,84.74111222506394,183.55845882954716,1.4124095561907628
X-040523.tif,41.244808224782204,0.0,69.00941517214335,145.73420778520529,1.9087040139209714
X-040524.tif,43.808464813433446,0.0,18.99978100889846,211.55216157500868,1.1349033367691097
X-040525.tif,51.39355246805685,0.0,117.91958681932145,150.36945751973025,3.037878888930058
X-040526.tif,40.14820727165121,0.0,114.68598386396077,94.58300022342208,1.0257875504251226
X-040527.tif,40.77143134190689,0.0,110.65728782051282,101.87682946101518,1.3582052459445317
X-040528.tif,22.350559407079196,0.0,107.02894869171749,4.130452095219359,1.5911953046101384
X-040529.tif,19.06834789619386,0.0,92.96654351701154,2.42047718876747,0.19018012606887288
X-040530.tif,48.998370381631254,0.0,108.31034935249936,152.5670391996892,0.5791586247086247
X-040531.tif,50.91200877324724,0.0,94.88950936720398,171.7117517271157,1.2794595687008252
X-040532.tif,58.311946292065606,0.0,95.03068421592775,211.4534100757161,2.1047969690749864
X-040533.tif,63.011648865414706,0.0,134.1269420539906,195.7242949061033,3.0290264084507044
X-040534.tif,60.507855236525074,0.0,85.40328555023692,231.33737356155112,2.7555111449569676
X-040535.tif,60.47245068667067,0.0,132.8096144559938,182.7953904244586,3.8525965179849364
X-040536.tif,53.55921680193654,0.0,99.61443374510262,179.05209167693314,3.6072065616710507
X-040537.tif,55.166605495317356,0.0,120.42887409050977,165.687659045345,4.292486585722974
X-040538.tif,46.43647187467569,0.0,112.11197460557723,128.14529440530941,1.6184008033998951
X-040539.tif,50.78364197058307,0.0,120.44472933760609,137.99918862321138,4.13368787782747
X-040540.tif,41.910575481425745,0.0,80.78598361341025,133.11504657916004,3.582556709305242
X-040541.tif,55.324018294988754,0.0,93.40067599630842,192.5915215370417,2.8065478759403755
X-040542.tif,64.53617559132927,0.0,125.76770755559139,206.68321414708035,3.7932128800400844
X-040543.tif,60.114178422330156,0.0,116.25771591127791,191.3876855994996,3.1242133492109314
X-040544.tif,56.58673060617986,0.0,120.59454148534437,175.1248575076425,1.197322867589762
X-040545.tif,55.10448562820833,0.0,116.90323405784501,167.5127974381267,3.4320776676520026
X-040546.tif,49.41200753492824,0.0,110.6324590219882,148.62274586807078,1.4376617181024816
X-040547.tif,44.259812607002885,0.0,112.77319188310088,119.04917371001922,1.432070511556848
X-040548.tif,48.232158403597765,0.0,130.6587912072802,118.82550237505937,2.714456598914973
X-040549.tif,43.23442163801392,0.0,108.97875384791222,115.46801085797013,1.6545280402316367
X-040550.tif,40.87046950855848,0.0,78.94738151675485,135.5852043856555,1.443973568489124
X-040551.tif,49.55717553348625,0.0,63.7416220263789,195.3526536091127,2.5380157793764986
X-040552.tif,39.73594174135534,0.0,5.266275002188951,195.82667711525553,7.76752243528004
X-040553.tif,43.22338663714115,0.0,112.40451613016157,111.83413561121905,1.388949126829923
X-040554.tif,53.80355232353558,0.0,111.30717308290772,168.45789077440338,3.7454892879589456
X-040555.tif,54.87812969932752,0.0,54.06534562550689,233.83784003700325,3.381698512266829
X-040556.tif,55.20141716733062,0.0,79.28204353947666,214.22614408953692,2.749500817334654
X-040557.tif,46.67345544905066,0.0,149.46878055772387,89.06574595569433,4.08069010255444
X-040558.tif,17.12639530282729,0.0,79.70188206492405,2.627514945896625,0.8778131441642892
X-040559.tif,28.93011795238154,0.0,141.37566335142435,4.505793385961724,2.331236645978862
X-040560.tif,46.95328613741698,0.0,133.12075065374557,108.72748843767626,3.969681087524996
X-040561.tif,30.789553273563598,0.0,119.15943522982573,32.468130426862594,3.335478462566033
X-040562.tif,58.68373809270143,0.0,102.89179824481423,202.60687276042853,3.3230842945064967
X-040563.tif,59.3026245139434,0.0,92.4066845471376,216.55174670000721,4.006630040152918
X-040564.tif,63.9476141152376,0.0,121.96190593387614,210.29102763385146,4.834318011349618
X-040565.tif,64.71525542941252,0.0,116.48686625417588,220.02269007904766,4.169484119888957
X-040566.tif,40.74707951295318,0.0,104.58305918826201,109.46111241945204,0.8722705484214918
X-040567.tif,54.137525402158204,0.0,121.14578339329948,162.6765589517693,2.76407753006714
X-040568.tif,50.5533804479557,0.0,102.52028225441113,163.06596868357164,1.7913385798417916
X-040569.tif,43.04099186975375,0.0,103.0560055416205,116.46629120923993,2.600478061016158
X-040570.tif,43.11147907622887,0.0,98.62287121492665,123.90629998005981,1.650001207805156
X-040571.tif,51.566739474796194,0.0,56.057071422581274,208.50093454840243,3.523733419059067
X-040572.tif,54.82155956973338,0.0,79.57649782459355,201.97045752232654,2.3064259804007916
X-040573.tif,52.23395342270832,0.0,70.75821865340203,197.8012788180257,1.450254527151063
X-040574.tif,55.436785052838,0.0,79.98740494607256,211.51896317681664,1.8700325864594303
X-040575.tif,57.82684987572895,0.0,116.12095325789076,191.5709169934795,2.1120553061803062
X-040576.tif,44.52843176927327,0.0,99.65981852988038,133.92868403842954,0.810918408599082
X-040577.tif,39.821835952370336,0.0,104.75319758812616,102.9000274753442,2.2671767405526806
X-040578.tif,49.58696202562763,0.0,111.01111981705785,150.95863503291955,2.42228727948937
X-040579.tif,35.66849970752464,0.0,99.21303782785841,85.5944637254902,0.3822018843901197
X-040580.tif,42.40146438763875,0.0,98.69458545710475,123.85461031263891,1.976227688052551
X-040581.tif,36.26553600674732,0.0,116.56798805966567,69.06372264823415,2.1057734456564785
X-040582.tif,55.273804082537886,0.0,103.66542984285913,191.3004417841142,1.9470368637124909
X-040583.tif,49.10407616078213,0.0,130.81402098863117,124.00155870332142,3.1182582648684343
X-040584.tif,65.78881951139728,0.0,113.44403496721061,238.2485102577398,2.8295215860912
X-040585.tif,53.67899793155189,0.0,129.3573054858459,153.87942328908287,2.286887858398497
X-040586.tif,47.31826312398145,0.0,95.82726988305193,151.5337490943732,3.6436050589754196
X-040587.tif,57.280325510131924,0.0,116.23287127177285,186.00540955486625,3.816768445610965
X-040588.tif,44.321928021926176,0.0,76.53527193046237,157.94623527778697,1.245756803384341
X-040589.tif,45.81610969250067,0.0,112.06849843780898,127.85619173422978,2.0271188847142576
X-040590.tif,37.752037593066355,0.0,108.13986774836839,86.28970020977934,1.9097051693773957
X-040591.tif,47.11606510814944,0.0,99.4621983439927,142.55112438328004,3.319133805390589
X-040592.tif,31.593584582794822,0.0,58.656626001245996,98.38862229663582,3.4211744504271984
X-040593.tif,51.32182770859468,0.0,85.16099297443115,178.2651791461412,4.242616232699977
X-040594.tif,51.77393375383067,0.0,117.41577866316332,149.1411553053557,3.8446540038798713
X-040595.tif,50.51340535617173,0.0,107.21507170294494,155.11458511264146,2.95980010612405
X-040596.tif,39.925145418939664,0.0,90.3753142391747,114.68236087733587,1.8200147391520745
X-040597.tif,51.46277106454497,0.0,121.28891598861767,145.637910430839,3.2582689409096974
X-040598.tif,60.15287234175442,0.0,120.28803974038595,195.5114136470915,3.161501804803554
X-040599.tif,59.620391733313284,0.0,115.15046390825538,197.56698039215686,2.5012967919746814
X-040600.tif,53.55052301968045,0.0,102.88344562779338,175.54978872514,2.893330331577694
X-040601.tif,36.507239966844146,0.0,69.2388647938393,115.53784254500496,1.1336241704505763
X-040602.tif,53.30471029873012,0.0,117.55400990876262,151.5716275375213,2.2018571486721443
X-040603.tif,48.32523852588227,0.0,108.3683309453303,140.5209580979499,2.287160865603645
X-040604.tif,47.93760360741177,0.0,75.96687757970963,174.22929062858088,2.5188191279488725
X-040605.tif,46.63575073096292,0.0,83.85412553983959,161.79859574297922,1.4260824783492905
X-040606.tif,53.23459597789154,0.0,113.52994642006958,164.83294526033083,3.121740377220289
X-040607.tif,40.30954604388515,0.0,106.48227641127015,100.85629911920729,2.507908229906916
X-040608.tif,44.73027077464305,0.0,110.93030798346531,121.84717020269933,1.90982780516958
X-040609.tif,48.60329439808592,0.0,93.58589011223275,161.0941464292432,3.0154581980061446
X-040610.tif,49.909966999499126,0.0,104.59652436436869,157.5123435346016,2.415313086632862
X-040611.tif,56.95710568223236,0.0,112.90952150279776,184.8421358543934,4.173486662977311
X-040612.tif,32.88487719864718,0.0,109.13165719217002,58.78745096537767,1.167104754264739
X-040613.tif,26.385903783388706,0.0,100.78150103122366,32.874533641803716,1.3100784327791628
X-040614.tif,19.68502241911225,0.0,91.45489310138727,4.751206706722451,2.0312469596401272
X-040615.tif,48.427054847273595,0.0,101.68699103430824,157.22769626309002,1.6530815227215212
X-040616.tif,45.97831343249142,0.0,20.725052522477522,198.0587133991009,24.82122524975025
X-040617.tif,44.0643421003229,0.0,106.04413993602623,123.08074551919213,2.192092167177752
X-040618.tif,57.52033177106207,0.0,115.691147885101,186.00353285458755,4.161787102798821
X-040619.tif,48.50474469245096,0.0,118.39276324103692,132.58582985014095,3.4984568640148614
X-040620.tif,39.81375552859508,0.0,116.52194943897412,88.60461866596879,2.1516957047989793
X-040621.tif,55.141255098485715,0.0,120.5712712956335,165.87125307802432,3.0429312335958003
X-040622.tif,57.157960543284425,0.0,116.07535221094005,183.60972707719182,3.812540604869527
X-040623.tif,55.64027992835093,0.0,103.8080788030906,185.90249356898306,3.9185002891644305
X-040624.tif,64.0285100704144,0.0,138.18429536858545,194.9780550865035,4.7523091188599595
X-040625.tif,63.359558576329555,0.0,134.6094039833636,199.10173531720463,3.1932462890281763
X-040626.tif,55.49339215716082,0.0,98.75358159255889,192.61461749950053,2.699066397318356
X-040627.tif,49.02984046364972,0.0,70.14874725357411,184.4377071267333,2.0787000537461036
X-040628.tif,56.162589998265254,0.0,108.05981451021536,186.11281451021537,2.7608145327782854
X-040629.tif,60.117932001819916,0.0,123.11770223816441,190.2866527021018,3.3894010375596597
X-040630.tif,54.31621196736328,0.0,96.76450087870384,186.10386518756385,1.9845307838271786
X-040631.tif,57.267669557472495,0.0,106.41918963849899,182.91758614367248,3.6572758464557027
X-040632.tif,57.23628902403578,0.0,116.79693846232894,176.66202475436884,3.642388134344974
X-040633.tif,58.298707661820536,0.0,123.25499167979461,179.5279858568178,2.850392018204096
X-040634.tif,53.937674284997,0.0,109.36822955796303,164.1934431492961,3.6570972828920687
X-040635.tif,53.40760203151715,0.0,101.96753676812753,173.78154568125143,3.7881189967664572
X-040636.tif,42.467858118948655,0.0,97.2157665360323,121.91664105514208,2.816948597178777
X-040637.tif,47.06722824029918,0.0,112.38681634132199,136.88176339630846,1.7889543994008503
X-040638.tif,36.92475860072773,0.0,101.18605728534362,88.60334296222238,1.6731288176343164
X-040639.tif,34.36202259892248,0.0,94.3360419242729,78.6891308700689,3.1328967745869156
X-040640.tif,41.025333649496744,0.0,104.16434131032699,111.1185415148452,0.8918431909541832
X-040641.tif,59.676652658214955,0.0,125.49948455855919,188.58533812290528,2.562095919006367
X-040642.tif,69.34674612875888,0.0,129.45241539256133,238.9591368566468,2.607308579286999
X-040643.tif,61.11508711912064,0.0,124.02804957816524,198.54403442171636,2.897528314733134
X-040644.tif,61.74488841496778,0.0,131.48990882408577,195.87898570304063,3.1077211513232164
X-040645.tif,58.77025135912575,0.0,96.56659280785058,216.5930433048433,1.5112092560937005
X-040646.tif,42.99050091964208,0.0,114.40958059286707,105.73753437805568,3.413926560650507
X-040647.tif,49.65833729251026,0.0,119.09013280191311,139.10390855586556,3.9881208449581504
X-040648.tif,18.51489788047137,0.0,86.72858884866609,2.6582752944571233,10.406623383436951
X-040649.tif,47.90807064983395,0.0,116.83316999483337,132.66168217514854,2.8893181994316715
X-040650.tif,54.999921120258186,0.0,109.57088873586737,179.66754033210043,3.455941226620498
X-040651.tif,46.003239307546785,0.0,104.6372922476231,136.37101310543326,2.059616321041829
X-040652.tif,44.08527676611976,0.0,90.6816828925217,140.4789221158958,2.119824494949495
X-040653.tif,46.74195198148749,0.0,105.6816655424799,133.84861441590127,5.0201401645618065
X-040654.tif,38.83918610250699,0.0,91.78773462638318,107.36221206017655,2.598384980728584
X-040655.tif,58.6185575583099,0.0,124.37669166656772,183.20115004689708,2.819788618851437
X-040656.tif,66.27042715980855,0.0,136.15529904877187,213.01240832010598,3.3295146224206644
X-040657.tif,51.263784798191026,0.0,89.01667784194028,178.1749924214926,3.026724478908871
X-040658.tif,52.55274795760758,0.0,105.8661447892082,166.6620700171225,2.4602058632977
X-040659.tif,53.625503267098814,0.0,116.15568479032768,162.12760552840288,2.8150411706082794
X-040660.tif,64.17563850683973,0.0,131.29751559037175,203.89529044865404,3.4742989773536532
X-040661.tif,47.6695684106747,0.0,95.70619387412017,147.58526729759078,2.851495312164121
X-040662.tif,66.53906154598157,0.0,116.96196089148884,220.07807307859534,2.8420553594922557
X-040663.tif,53.99174032545974,0.0,124.31012370834279,154.23307107676385,2.752914746262408
X-040664.tif,61.20805301247262,0.0,122.26580800820088,200.4680725233737,2.511436511171218
X-040665.tif,48.246468309664436,0.0,69.00547168554297,183.30030191993217,1.7409702743625461
X-040666.tif,54.312054005160746,0.0,108.33772152862001,178.24049273501225,3.485382927873297
X-040667.tif,50.70555166813765,0.0,108.52833122285658,157.84023566583713,3.0920674620602155
X-040668.tif,47.964643546506515,0.0,90.45705516095087,158.57498649973692,3.382900786817812
X-040669.tif,31.84823159413428,0.0,132.965036034689,30.11121481259968,1.0865776515151515
X-040670.tif,54.928224494485924,0.0,112.07192031762098,175.57587954260651,2.496655400520532
X-040671.tif,38.259444833759595,0.0,97.77842803529411,98.59173163529412,3.0980538470588237
X-040672.tif,48.17564269845815,0.0,81.82379959248577,170.56917637384896,2.5948910050606737
X-040673.tif,45.69179888869322,0.0,102.68087472759922,137.43965831207396,1.9171823734171698
X-040674.tif,45.09190603834679,0.0,88.47104807744833,146.97941419683772,2.2180868441018484
X-040675.tif,60.01340712737446,0.0,128.9752045910494,184.97079954989712,4.120152829218107
X-040676.tif,48.132287983787336,0.0,100.06365222275718,153.44296598891398,1.3786117798106243
X-040677.tif,55.86528125094349,0.0,122.79562977405052,172.56046704235885,1.310681106778484
X-040678.tif,43.0651549202024,0.0,101.21488398682989,125.5558115445493,0.5135154575143756
X-040679.tif,48.68708741993866,0.0,115.0295356247901,142.07360504017154,0.8866094060812731
X-040680.tif,45.14185977439154,0.0,89.89762498681435,146.3779006592827,1.2506428138185655
X-040681.tif,47.218860566600604,0.0,86.22272659069326,161.83416143162393,1.6974237654320987
X-040682.tif,58.40706676373048,0.0,107.91200607376783,200.10344185209271,2.727634737771171
X-040683.tif,52.85372797412697,0.0,102.18463758898909,173.04695532747982,2.778325166112957
X-040684.tif,58.03016002526341,0.0,112.87739152895091,191.35902149589913,2.65490146896805
X-040685.tif,46.82375878459581,0.0,95.60018495008367,147.61387424548445,2.838969034566334
X-040686.tif,64.14361995068421,0.0,130.23958174224344,200.97565878006242,5.822637816688085
X-040687.tif,60.30661828283544,0.0,122.16728551374361,190.01148865643256,3.7650241701761535
X-040688.tif,62.28669878601172,0.0,117.62807161201559,206.2457093785829,4.934716177482229
X-040689.tif,51.3804850020765,0.0,109.5185246687054,154.76529788197985,4.912141771435044
X-040690.tif,65.82072658050971,0.0,124.0860078370714,216.87727845091806,4.926001397840222
X-040691.tif,64.93067465430859,0.0,129.12403430580895,204.12569309970402,4.872464252839985
X-040692.tif,60.403752201811805,0.0,109.22432298988309,195.81981564215835,4.529719230471149
X-040693.tif,61.77097429932075,0.0,119.23047670533643,200.5724142111369,2.6154427842227377
X-040694.tif,57.925605746261695,0.0,111.63291042343353,181.0743451130928,6.463457131045887
X-040695.tif,59.11600945965496,0.0,103.93180420447052,207.3307865361439,2.4944371603338107
X-040696.tif,56.90490071813835,0.0,102.1970021214657,194.8027535446156,2.667773014956333
X-040697.tif,65.56300543643037,0.0,134.0014353248121,212.34001943606683,2.0755546100818614
X-040698.tif,63.64899092850962,0.0,122.79962293532338,213.267155920398,2.728374129353234
X-040699.tif,62.65246701399247,0.0,85.65682890100516,243.0938982357232,2.751663501601078
X-040700.tif,65.37547733548325,0.0,130.82368825260903,216.39212244873136,2.6033711776583064
X-040701.tif,55.73754850934288,0.0,115.51432748453732,179.42952981444785,2.034226589803639
X-040702.tif,65.78532842681506,0.0,117.25368825291339,230.61560494488808,2.72155910463226
X-040703.tif,61.06440274580755,0.0,103.34584689690803,220.11609860449468,2.6113484317836395
X-040704.tif,64.79436572606834,0.0,111.1508206865978,227.1458730650343,5.956931407021443
X-040705.tif,72.130777262299,0.0,116.03650235671664,253.3830078975079,15.545610176503034
X-040706.tif,39.878971323694195,0.0,112.50904681689175,96.01599790810334,0.9575077314542964
X-040707.tif,48.64838645650462,0.0,111.07794029209622,145.3014907914519,2.749687862435567
X-040708.tif,45.01812283534389,0.0,105.95354216648491,132.9448815495664,1.0955972892973984
X-040709.tif,39.68248710113652,0.0,110.73094080587497,98.22207203272458,0.40388256514317006
X-040710.tif,29.509899275885044,0.0,108.54227388025444,40.82178948127746,1.9711187225391829
X-040711.tif,50.46190644324011,0.0,113.28884397212869,154.3581486157875,1.1121051253273475
X-040712.tif,48.956084714781255,0.0,103.3714839082806,149.80270533669002,3.6216033317457077
X-040713.tif,45.40947535552895,0.0,92.0711255249492,140.1668605441409,4.526177771505983
X-040714.tif,47.968413988696305,0.0,108.45706472563023,140.9252946713056,3.476728804248306
X-040715.tif,53.82876214836219,0.0,111.72528820814584,165.2673201915311,5.178423814468674
X-040716.tif,57.32306616409928,0.0,112.95508522359764,188.16528210103715,3.5165198394111745
X-040717.tif,48.44336961840882,0.0,76.58473596915904,175.54055529406492,2.088231867491483
X-040718.tif,67.04678907563472,0.0,132.23690918685756,221.21985480910425,2.86324843979442
X-040719.tif,64.27227459430189,0.0,130.99795851771168,206.65368286926724,3.6166991172532734
X-040720.tif,60.24512075304148,0.0,123.6257402793263,186.8145876193708,4.112958585809621
X-040721.tif,51.3521440019393,0.0,109.13125216863561,154.87226585536848,3.1864807517239213
X-040722.tif,54.89993274874676,0.0,132.30623439057413,154.82742794918332,2.1827509232852247
X-040723.tif,43.58462799114332,0.0,92.97453657777778,135.7317240111111,1.5276272333333334
X-040724.tif,47.66844826991987,0.0,104.16544980906866,146.6771185832209,2.7158206731758625
X-040725.tif,58.54637887217528,0.0,121.50358632028554,184.70924907846234,4.365459657129484
X-040726.tif,51.12034934630828,0.0,121.66550712678169,149.5160414151157,1.1532925493278081
X-040727.tif,35.73960769045846,0.0,48.224804253250696,138.59104393000365,1.4208578685137927
X-040728.tif,59.73233013973823,0.0,101.43005112445206,215.311952794454,2.251944087097389
X-040729.tif,50.020098610385375,0.0,63.49893548832712,199.62122702784163,2.2679596629368697
X-040730.tif,43.468282272915545,0.0,44.890007020856785,183.10859975063855,1.956653569137282
X-040731.tif,52.94900888285368,0.0,112.2076213609876,165.33725247446785,3.154572380456247
X-040732.tif,51.31881438557647,0.0,100.76488828453111,168.28323746365533,3.0392965079738024
X-040733.tif,49.69203941218855,0.0,104.9430955516577,156.88814295655175,3.2814370762285416
X-040734.tif,61.831972411489204,0.0,121.85545822481664,199.24801719503068,5.578277431522227
X-040735.tif,59.15385548710183,0.0,114.96596046219906,190.61683658995514,5.669310910889179
X-040736.tif,56.04131404449388,0.0,103.77833881479876,196.27015828785525,1.1213731251581192
X-040737.tif,54.386420725828444,0.0,111.48640386959978,175.0111760535383,3.5345522395971374
X-040738.tif,47.68842165517205,0.0,89.18948244308689,163.48352609388053,2.197749725877193
X-040739.tif,34.66614971965522,0.0,114.06989012432204,64.2643324809476,2.0156376287260307
X-040740.tif,49.380623864324654,0.0,115.53003408035534,144.40236147789219,1.8694047782488727
X-040741.tif,51.49402129059093,0.0,104.44184320221324,160.81787676105455,4.240622669363463
X-040742.tif,55.13564824179536,0.0,104.80852161929751,185.8547037351443,3.416074239851829
X-040743.tif,54.712147848844545,0.0,75.93672550707998,211.11427059414467,2.4468580774014543
X-040744.tif,60.82467751245266,0.0,131.95501111232426,181.89266734602273,5.075976295325788
X-040745.tif,55.850756274116605,0.0,102.72779972047519,187.19092719543443,4.308219566736548
X-040746.tif,54.750420991611186,0.0,75.2153226631645,211.63121340718322,2.5770520185005426
X-040747.tif,43.842436588773104,0.0,57.621268781811644,167.7621131976763,2.373354644636026
X-040748.tif,62.09425376645099,0.0,118.94812851816144,205.57095038855138,3.702106866150147
X-040749.tif,51.327625503021366,0.0,98.32364206259427,168.2446404482466,2.8027807315233786
X-040750.tif,49.24171256829925,0.0,82.05570772254664,166.19518877652757,1.7289262953995157
X-040751.tif,51.699613463193636,0.0,113.22883844830018,150.56052488080124,3.237428466638454
X-040752.tif,62.596282060748976,0.0,126.15972537216007,193.93235871214182,3.841237559911274
X-040753.tif,50.05732391894956,0.0,89.06630490808496,167.27951280861444,2.271785353084657
X-040754.tif,56.05170597011548,0.0,109.62929205261747,183.3879477903224,3.2422675032332484
X-040755.tif,40.64877984915044,0.0,81.7027479237309,125.98465311563221,3.9319927883434076
X-040756.tif,42.583720274022,0.0,76.26212372910354,146.72479636328086,1.1140947917685013
X-040757.tif,54.50860150199371,0.0,110.0374190957191,177.6040714045214,2.412724410774411
X-040758.tif,51.03075271721798,0.0,99.48231141169154,166.81723438097973,3.3107794680443936
X-040759.tif,45.00946661656379,0.0,77.88932465926177,155.57103233981667,3.502033079497502
X-040760.tif,56.074265612000666,0.0,116.79989383337772,176.45934309856426,4.327054124397743
X-040761.tif,61.5759511740586,0.0,136.3574063917183,189.62449426597337,2.7827776432319493
X-040762.tif,72.51860414456645,0.0,143.40260823001879,237.78150726509142,4.8137156633357225
X-040763.tif,70.16138411096561,0.0,142.74136358605423,229.9676880351798,3.9388182754044903
X-040764.tif,71.41475693649373,0.0,144.86359602081987,231.06015565616434,3.5057698358434197
X-040765.tif,54.09841695493645,0.0,157.28624208727013,125.95483648590266,2.4310576979669527
X-040766.tif,44.300435601158014,0.0,103.22177509325823,126.43716897650634,3.2674036908026385
X-040767.tif,48.867062380548965,0.0,118.27614911167512,135.54424073339678,2.8635138007614214
X-040768.tif,25.280542824464877,0.0,118.06503031572001,5.4734886680879145,3.607018044769301
X-040769.tif,35.97384338762798,0.0,138.83107192414286,45.30211757353081,2.6338247129157906
X-040770.tif,55.25382505603426,0.0,114.97595479307911,173.36826720566884,3.4688599038320658
X-040771.tif,64.99598800393585,0.0,141.20473920050762,200.72771475888325,3.0636756725888326
X-040772.tif,56.33007668669991,0.0,134.24710901903296,159.61691730750746,3.1832197443045276
X-040773.tif,58.827170583917166,0.0,142.1537143957346,160.3120641350711,3.955022511848341
X-040774.tif,50.221326675337544,0.0,143.44566969474968,111.62988230769231,4.803724371184371
X-040775.tif,65.30508011189903,0.0,144.39536694979034,198.25879796676583,3.9744646334324862
X-040776.tif,63.41213053174281,0.0,126.67454752039133,206.37065439823334,2.5569651062010994
X-040777.tif,55.144458953611185,0.0,118.85339161984749,163.36996348680796,5.0034712682133335
X-040778.tif,54.410985093753304,0.0,103.65097986841296,179.7461720469778,3.0149395437496156
X-040779.tif,60.74317279113597,0.0,131.7152010670713,182.92897519548697,4.737426742862737
X-040780.tif,58.25944853979047,0.0,115.75307614083219,185.56494695320836,4.715470580704161
X-040781.tif,53.68950809917359,0.0,124.61037254033758,151.76630191931895,3.2832677187202965
X-040782.tif,58.23586725854292,0.0,139.1191548897059,159.6059325612745,5.017258835784314
X-040783.tif,43.44555204633152,0.0,87.06876764104982,139.28645299836106,2.2150813856895892
X-040784.tif,51.77417265703242,0.0,120.5938436664763,155.0461170759566,1.5709532952598515
X-040785.tif,57.98881892377927,0.0,131.22649464932402,177.82631626628782,1.477222434412008
X-040786.tif,46.553034091076654,0.0,142.93719674180855,99.20111976121305,2.3689966535505462
X-040787.tif,47.91395220882845,0.0,93.62078887736966,157.0617285742496,2.762158039593207
X-040788.tif,52.71049507209044,0.0,128.04623217668006,147.97621715028916,2.4827523676036063
X-040789.tif,59.928276400968876,0.0,129.9691438773367,187.46551905803278,1.7800065730135786
X-040790.tif,60.12633479210726,0.0,135.92052559275203,179.7518376919617,3.3239222386429352
X-040791.tif,42.170815465052286,0.0,141.55854088607595,72.82483189873417,3.835205924050633
X-040792.tif,60.367314609833564,0.0,158.63773085021464,152.36060032306523,5.404094983689606
X-040793.tif,63.99350416229956,0.0,123.89810950401774,214.0345712878298,4.034792389396878
X-040794.tif,64.38499035011121,0.0,125.74662799760192,208.2194695368705,5.361445193844924
X-040795.tif,64.62864963152231,0.0,124.87340276036704,210.32997762372761,4.55926348844206
X-040796.tif,51.86255033194989,0.0,113.03274213337365,161.19478652407224,2.1815933665885674
X-040797.tif,51.55926676043538,0.0,114.23576091404279,155.38906230902086,3.446928178557194
X-040798.tif,22.55958405897846,0.0,100.71509975866954,12.299029812181942,0.5129126488641729
X-040799.tif,50.185185241903135,0.0,102.08044925049244,160.9282489767302,2.9155320936133275
X-040800.tif,48.591318754787316,0.0,108.5039271978022,147.93462155939298,2.257067804814233
X-040801.tif,61.679953810848765,0.0,122.10852842105263,202.3534980861244,3.670529976076555
X-040802.tif,49.61776606953906,0.0,89.1898923297785,167.72237984231154,2.932029691915049
X-040803.tif,63.94616819528141,0.0,115.97397545700744,221.05294021423737,3.404008426830448
X-040804.tif,63.1258691606127,0.0,114.48467050343838,214.92866930214885,3.511297159808284
X-040805.tif,60.41651772040482,0.0,130.1683882730081,182.91960951215248,4.983256851430903
X-040806.tif,47.99867309252436,0.0,86.78404182209788,161.20333373301358,4.20273728794742
X-040807.tif,48.72563360476624,0.0,94.04614006085193,155.35098590263692,5.048571816542709
X-040808.tif,52.062661118400314,0.0,90.64769826229977,176.66648553108314,4.7119886298627005
X-040809.tif,51.88509493171692,0.0,90.01070192113245,176.03683280794624,4.965274014155713
X-040810.tif,53.58203138996012,0.0,100.65417078802449,178.8819476141224,3.577053453722081
X-040811.tif,54.258739761135615,0.0,93.31595954458312,185.24144094615818,3.0622315427051134
X-040812.tif,57.161266774099225,0.0,117.6660800258451,179.39661067285383,3.061028740932186
X-040813.tif,47.53840841616325,0.0,43.89896460513139,204.5725090990711,2.6571359853586105
X-040814.tif,51.82843076257286,0.0,114.11356155202822,162.51711632913702,1.613603162439944
X-040815.tif,44.92835491506544,0.0,78.68568891275808,159.83611960854518,0.994871201814059
X-040816.tif,34.04011780264926,0.0,80.13299596740617,98.95646592517694,1.8990077796942841
X-040817.tif,41.01894727904385,0.0,90.1640884078712,125.35182259988073,1.952320655933214
X-040818.tif,40.17225347999355,0.0,92.06353048532846,119.32899090009138,1.7220398390699563
X-040819.tif,42.769693470602995,0.0,105.67886545709193,119.17096790170613,1.3880210084033613
X-040820.tif,37.31196854933302,0.0,88.227251613288,104.85624143854,1.4217868193475278
X-040821.tif,55.25273161555718,0.0,102.33119563173501,188.1346906414985,3.5866411489597647
X-040822.tif,50.39015872437505,0.0,85.22785515009079,179.78132591229573,2.9647034560658785
X-040823.tif,50.331573757044154,0.0,109.27814806894024,154.4733351435454,2.7104283954993003
X-040824.tif,49.12246900289547,0.0,112.49315151774105,144.13172803349835,2.5249548370557107
X-040825.tif,30.757306827843294,0.0,110.54565075327484,46.90167841431345,2.271427302219273
X-040826.tif,39.59471223833117,0.0,1.4384873956736501,167.13241225636907,37.87074753631652
X-040827.tif,57.31007150300129,0.0,119.8819368290998,183.51262094802848,2.7374516819003083
X-040828.tif,55.645310869266964,0.0,97.38115570579384,196.7269336275125,2.9183929181088866
X-040829.tif,52.68118053382047,0.0,104.0229376158754,172.85783606746025,3.104527215537854
X-040830.tif,51.42095050142104,0.0,89.65745967574847,183.43268337563453,2.6240101911322906
X-040831.tif,39.05921871305957,0.0,88.97862127800707,111.73644451405268,2.9766704377948114
X-040832.tif,41.56663599281873,0.0,99.46987371922044,116.88912517213211,1.615348407048664
X-040833.tif,51.369822621077404,0.0,118.57549956232494,146.51091092687074,3.6848499524809926
X-040834.tif,46.500400516278944,0.0,80.98288550430689,158.42331385216346,3.4913780674078527
X-040835.tif,47.61984814075192,0.0,108.33388408277392,137.8807430248394,3.4607647668518675
X-040836.tif,55.043514399514486,0.0,81.99775109369517,207.2187811205989,3.1119508597496783
X-040837.tif,65.99958597008816,0.0,112.22737030783536,234.92159712230216,3.39781179953996
X-040838.tif,64.19820156737664,0.0,123.38834489883872,209.7705549553379,4.873768772545061
X-040839.tif,45.21539788459087,0.0,86.1968773899399,148.6281189566865,1.7693152381798265
X-040840.tif,60.289040174416826,0.0,116.70340418581378,197.6440034162866,3.694722711404301
X-040841.tif,49.497801450679994,0.0,93.74876737642809,162.88000728362067,2.810402349555053
X-040842.tif,61.19429051723752,0.0,128.97751296397703,194.10692445417968,2.0629298350039287
X-040843.tif,49.36591074354944,0.0,88.20643993416826,172.48952047660381,0.7094923966588135
X-040844.tif,60.50969921755582,0.0,118.70104036043443,201.58174782151872,3.557106976850424
X-040845.tif,40.446083499230085,0.0,79.25723556224024,134.12348583205124,2.019838549679671
X-040846.tif,50.87446276251603,0.0,104.28342920253873,165.74698211457627,1.4681819145262507
X-040847.tif,48.66006265644913,0.0,90.35249530207997,165.4053207600962,2.6910232168976376
X-040848.tif,47.75890354811815,0.0,83.058692609017,168.1659243779256,2.473050480413895
X-040849.tif,59.189473067317515,0.0,123.22909537859007,186.93845148825065,3.5637914751958224
X-040850.tif,35.67430220599687,0.0,22.688160797160798,158.23711938798303,3.69444012607649
X-040851.tif,53.03742815951401,0.0,126.01977391069569,149.86277553067023,3.491416346314558
X-040852.tif,46.80381518478918,0.0,122.57155357348721,122.99012718811244,2.1717953049250354
X-040853.tif,54.84419158676294,0.0,122.04702091023943,167.1105061843281,2.605938631251348
X-040854.tif,50.126991000197805,0.0,63.2706610232711,202.08198427098415,1.5987980326086269
X-040855.tif,50.555701888728606,0.0,90.62020024927295,178.02156672799572,1.3969465250163215
X-040856.tif,64.89849932136893,0.0,136.50644263638057,205.62571770619996,2.4586458263513933
X-040857.tif,74.15642929179741,0.0,137.00892076361188,259.47217643630523,1.175698337046055
X-040858.tif,43.47310208311242,0.0,130.84630844374135,94.8754316261288,2.6030169402148835
X-040859.tif,61.24892323004812,0.0,121.35032773420976,202.85684500992483,3.047405056783053
X-040860.tif,61.45181204583051,0.0,131.77023009854466,193.63820807935784,2.2691552045944006
X-040861.tif,47.341412733822864,0.0,102.60593773098618,145.34329544349347,1.9395071362575373
X-040862.tif,45.71284627294469,0.0,94.46810953711986,145.43525855322002,1.5695319432021466
X-040863.tif,46.6064963755602,0.0,98.68743912042368,146.01688377849413,1.3888738544784711
X-040864.tif,47.667181792272814,0.0,99.33236601521273,150.438966214167,2.2311188145236622
X-040865.tif,47.78162858974924,0.0,95.7371394686799,155.03345140573225,2.0925041164212757
X-040866.tif,57.02670982009255,0.0,113.74414038485928,182.39824106164897,3.9590964800018447
X-040867.tif,56.24547738464524,0.0,119.21290563472823,173.11660837845798,3.2761974420554183
X-040868.tif,54.94613387896147,0.0,76.58286842869246,209.8949941996528,2.617126523405793
X-040869.tif,55.49363643457012,0.0,77.63534764018029,210.44906514456318,3.5001875705168635
X-040870.tif,61.92546193947839,0.0,111.58655851842913,213.5617780715661,3.095697344385138
X-040871.tif,53.029543639075776,0.0,101.89826745430712,167.77864493786456,3.772276132090052
X-040872.tif,46.64464202925611,0.0,80.44272257458304,155.68968703131495,4.103077115821302
X-040873.tif,42.18641795775079,0.0,72.48126544225552,142.99618902032284,2.51318242762485
X-040874.tif,52.37871367665064,0.0,102.38977612649536,173.43323808166127,3.3788101025220665
X-040875.tif,45.556994145219704,0.0,92.5809967906384,146.36231885065462,3.1285843818792722
X-040876.tif,41.333262602121046,0.0,89.25354192351428,128.46573342510024,0.3069408582201209
X-040877.tif,39.25994813751465,0.0,91.01801308728106,112.63318645411523,3.0365985754012783
X-040878.tif,42.86642290965209,0.0,55.723633169934644,172.1930100886314,0.9370911938007527
X-040879.tif,42.043695610327916,0.0,116.65426863132272,100.9988006408107,2.077205481663624
X-040880.tif,49.89259772026061,0.0,108.40049309244203,154.38883616982835,0.7657879674796748
X-040881.tif,41.71010125684638,0.0,101.23183406687977,115.1409950823703,1.914497504302926
X-040882.tif,36.653697786386296,0.0,72.67488664754974,120.28799543296326,1.4272421405502638
X-040883.tif,50.97106824739326,0.0,107.41945671542828,160.42953465903372,3.116388451132805
X-040884.tif,43.970137719788305,0.0,89.11578774227344,142.12196508181063,1.751189252149262
X-040885.tif,47.16785185402779,0.0,94.02002307431286,157.3401968709099,0.6900176208250521
X-040886.tif,46.688673988171104,0.0,94.15692949536987,153.1707695396634,1.2368084303775904
X-040887.tif,47.6064993481546,0.0,98.40832573769188,150.92475721784777,1.8204165274795197
X-040888.tif,39.497587985149224,0.0,113.2175642696394,91.01124455696865,1.9654401135709425
X-040889.tif,45.77590509124802,0.0,106.29677328061729,133.57128708350604,2.325820999266652
X-040890.tif,45.795725697971946,0.0,116.48706116552465,122.26538542895389,2.6760003180872354
X-040891.tif,48.63401001394347,0.0,89.17157311710399,161.60980749514093,2.994361175898931
X-040892.tif,49.64248424621078,0.0,70.41002631401618,189.11957671832883,3.2449649707996406
X-040893.tif,61.22044779717639,0.0,120.80832494804504,197.94761671741338,3.5566901913875597
X-040894.tif,64.0289088130386,0.0,120.1040597523882,213.4271274178984,4.1092031153462285
X-040895.tif,64.42705812377932,0.0,108.88808074498169,229.14245878726067,3.681165372490844
X-040896.tif,49.03700811649798,0.0,106.40580305767429,146.55812189437532,2.7693866920915293
X-040897.tif,51.68063938006488,0.0,98.64147018255578,170.17012608744648,2.4732023890015777
X-040898.tif,44.962934376995534,0.0,76.801384375,153.9555601412835,1.1789026700191572
X-040899.tif,58.79931168289291,0.0,88.05089496468443,217.99208823924613,2.839386940544835
X-040900.tif,55.61725978145125,0.0,128.21847024432375,159.49799408706627,2.034083157550894
X-040901.tif,47.2223837364068,0.0,76.6937052210482,163.52040383198232,1.1119297543785773
X-040902.tif,45.53823824826461,0.0,65.22891353067133,171.56804265147076,2.3385337759027895
X-040903.tif,52.043852995451836,0.0,94.54417682232673,178.0387106240585,1.753880949369272
X-040904.tif,43.67181792386939,0.0,99.54934368628359,130.0025987488415,0.4905330282669138
X-040905.tif,47.845042944080035,0.0,100.8187045008437,154.8418406395996,2.0945903899353744
X-040906.tif,62.42206236613475,0.0,106.47821459808908,224.51040183961592,2.8261758568236917
X-040907.tif,47.141556326289106,0.0,83.3893559042809,166.0908365921116,1.7696179172679172
X-040908.tif,56.30892114316266,0.0,115.19244338342463,178.8104208046439,3.498145423933256
X-040909.tif,60.70432637852468,0.0,107.04565808508494,212.24285294117647,3.6208204672614546
X-040910.tif,58.83597858583297,0.0,118.00244543561935,190.28759228013266,4.017129753806676
X-040911.tif,68.80950112141602,0.0,129.4592804631145,233.83789921803964,4.300794229253803
X-040912.tif,46.251577701807456,0.0,100.40118294885502,143.98742641755612,0.7993620257446435
X-040913.tif,58.50221680302741,0.0,119.26323556882879,189.49815085876102,2.980005663598884
X-040914.tif,71.24737628218212,0.0,150.37980547611767,227.83473018099846,3.2825088820542336
X-040915.tif,63.98788796739198,0.0,134.45699231283828,207.79823395973972,2.301529222161406
X-040916.tif,52.484872518444185,0.0,87.34893725490195,190.36049326135517,2.163311367585009
X-040917.tif,55.58535095088665,0.0,111.38745117759898,184.43206620663932,1.9831671151489316
X-040918.tif,58.790281518658965,0.0,109.58094878253569,204.23340626311924,2.1389395728379514
X-040919.tif,57.111923668124845,0.0,101.37385968941668,201.88605980686415,1.983395276001566
X-040920.tif,58.90809335848512,0.0,115.63563792387184,197.1789290128265,2.6353368774990913
X-040921.tif,36.02071979098743,0.0,110.39478993710692,74.5943160135462,0.8013332244799226
X-040922.tif,47.88383878103804,0.0,96.71781166589967,154.91135510814541,2.056871606074551
X-040923.tif,52.5434364374451,0.0,103.82799866858328,171.3707867965878,2.6621792581770194
X-040924.tif,51.78157623338517,0.0,108.78933912927738,163.41416664246648,1.8366279584724845
X-040925.tif,48.31793613948415,0.0,103.18853315065157,148.1768713798563,2.6666630373888687
X-040926.tif,37.55797823694166,0.0,102.86808883095817,91.92517780095007,1.3125200787857723
X-040927.tif,41.55696413882075,0.0,87.82021401165751,127.70774103333144,2.58250146567823
X-040928.tif,36.84300453523238,0.0,77.3778988045977,110.23753366666666,2.312358275862069
X-040929.tif,39.41599198126912,0.0,85.53262705999857,116.33386228627143,2.303758531307222
X-040930.tif,45.40501965199436,0.0,97.32645097267856,142.13806523678392,1.3264783107363103
X-040931.tif,43.37064304090868,0.0,91.18281037657648,128.61461294791127,1.774911193818115
X-040932.tif,23.161752345914245,0.0,81.32115318180011,27.416711414959885,1.403831833332387
X-040933.tif,47.15099454299248,0.0,97.94103071108785,146.5542669341241,1.5874737484737484
X-040934.tif,48.47355383360873,0.0,103.8014928503563,144.76729118764845,2.271316377672209
X-040935.tif,38.28953504108127,0.0,83.31325420170491,114.26432336690083,0.6953806623524933
X-040936.tif,59.552618808836584,0.0,112.07424416673737,202.64335027454212,0.5764132798390322
X-040937.tif,59.431730128335786,0.0,122.36905529237602,193.01594565753763,2.4120797557364915
X-040938.tif,23.166455594724372,0.0,111.41281043226275,4.169498430330838,2.0509328785317558
X-040939.tif,45.75547077338858,0.0,109.09012193944936,129.91799573300824,2.006376130244844
X-040940.tif,32.420448355720524,0.0,93.23450638282263,71.53164621799418,1.7786691570272186
X-040941.tif,44.64915731403876,0.0,99.28064184337349,131.96300943373495,2.0699167108433736
X-040942.tif,51.164440611503636,0.0,96.51000124520078,172.9695973972862,2.397765316274896
X-040943.tif,44.15145754521491,0.0,83.73006540281608,148.57952436638118,1.8167876672956889
X-040944.tif,48.53086062355399,0.0,106.95877325076647,144.6247533375831,2.8885264608566312
X-040945.tif,51.009289172898036,0.0,90.53355716657444,180.17369390641332,2.267125142962553
X-040946.tif,63.717815863352165,0.0,133.60055075860677,203.08812711074148,3.3121915797167194
X-040947.tif,53.192542911714426,0.0,128.07020489673639,150.29248142845782,2.812746904742968
X-040948.tif,33.400072641455,0.0,121.57695004877792,49.57894231022754,1.7916266116486936
X-040949.tif,45.74723476458875,0.0,68.59601398142804,169.66498313309899,1.1621590813703373
X-040950.tif,54.461589594165076,0.0,102.45004057113935,185.11791474200166,0.844613655131996
X-040951.tif,45.80070277346342,0.0,128.53684074562454,109.17719773435627,2.1523159554063773
X-040952.tif,46.33356059482837,0.0,101.35577504472272,141.77163879695885,2.1673514758497316
X-040953.tif,45.93372768310646,0.0,92.46521481308412,147.23303806074767,2.386147745327103
X-040954.tif,56.64469760482004,0.0,124.48697934035395,170.55332984739897,3.2465703159280386
X-040955.tif,32.63027824562073,0.0,73.8730802466997,85.85066272824919,5.094922686901586
X-040956.tif,50.34527017327813,0.0,113.67783329016274,148.19834302607129,2.621579818683484
X-040957.tif,49.33036879182218,0.0,98.20692920631718,161.60260611766816,2.0645592992366923
X-040958.tif,52.225565445801784,0.0,115.6521572563394,155.6595465351572,3.1873766867476845
X-040959.tif,47.530711925434254,0.0,100.76913470888988,145.58999602591695,2.836528336692515
X-040960.tif,47.64828593825256,0.0,100.30392798777869,147.14100539847016,2.496265661271821
X-040961.tif,45.37433879349695,0.0,26.066930476238607,193.3856500620497,12.477817264983182
X-040962.tif,38.23291310551981,0.0,0.8894803740064359,136.00138898655,57.39423770783813
X-040963.tif,45.112035939546,0.0,92.01465436128957,137.9037946286971,1.600751959252185
X-040964.tif,49.73964585854022,0.0,37.26482258955759,192.1984958557203,33.32143936419107
X-040965.tif,44.29361631925621,0.0,0.14834993765586035,117.62160735660848,114.46763236907731
X-040966.tif,49.26664521262315,0.0,69.95183074328833,189.4442361732843,2.1265656488457014
X-040967.tif,49.661184434659894,0.0,94.90859035204991,164.25062350217866,2.3967392924341455
X-040968.tif,40.595428374098695,0.0,81.4702911011492,129.50833849316425,1.2764455988706163
X-040969.tif,49.4919446755715,0.0,101.37182180094787,158.08650173375727,2.1779797828304037
X-040970.tif,66.74230480682955,0.0,132.95244771561494,221.94398196349755,2.7445986401049742
X-040971.tif,56.494316932221516,0.0,136.0881012607345,160.1004253486814,2.1819325050246667
X-040972.tif,56.905222115636676,0.0,111.62758821368124,187.84741755058033,2.6994105395035626
X-040973.tif,57.4937288075083,0.0,131.82563783541985,171.5612061572023,1.6973147048550472
X-040974.tif,56.627864777392475,0.0,109.3005937966819,190.49204964361712,1.744099531123292
X-040975.tif,53.304001820454275,0.0,110.22830782275308,169.80090765317408,2.2477402492074026
X-040976.tif,40.14699766533672,0.0,66.78817049439424,142.05487391959304,2.3255522916975355
X-040977.tif,29.11538937288853,0.0,81.9199114399812,62.587923276694596,3.583247396445071
X-040978.tif,41.72866650730132,0.0,82.46023025279943,137.14443792117495,1.8714395712360343
X-040979.tif,44.04200746116875,0.0,80.13863086104007,151.33871063020527,1.238027437864778
X-040980.tif,43.06075549113704,0.0,104.46744234023168,119.11197106598985,1.7038931537159963
X-040981.tif,48.02939868231702,0.0,98.5434077494288,154.1290261924029,2.5136635567402896
X-040982.tif,43.38961072027599,0.0,91.41582007928072,127.9589519775888,4.461349809549119
X-040983.tif,51.64872897286434,0.0,106.20013066067372,161.58029671113044,3.6504443357015126
X-040984.tif,49.449568732324934,0.0,24.70272283117395,206.6753581826691,27.19783921621755
X-040985.tif,45.95829006369583,0.0,4.407955311706695,192.87004778839741,42.11920099203332
X-040986.tif,42.09093694574748,0.0,87.75558168945047,131.13762894177876,1.9725633462229726
X-040987.tif,45.445993200354785,0.0,92.12312739742859,144.01625420283057,2.831405649944707
X-040988.tif,40.75332101304108,0.0,87.17184851493772,122.77326915773887,1.730376482884766
X-040989.tif,46.219136303154635,0.0,102.3250990180987,136.47881241253847,2.5555880562552478
X-040990.tif,40.042536535927844,0.0,77.51950984231455,126.01724461264226,1.7738796434937611
X-040991.tif,53.37687445911277,0.0,73.14353124406458,194.98121259316815,2.8663720740165184
X-040992.tif,56.190730322850364,0.0,108.63186736567424,180.4750258998837,2.281318727381142
X-040993.tif,52.86525807658906,0.0,100.56720440704756,172.24084564873786,2.6666336409278975
X-040994.tif,53.171222813578,0.0,111.04367131287597,164.96661076001217,2.793149837324158
X-040995.tif,52.44089162704423,0.0,108.80720685803907,164.69893355829095,1.6826232593507913
X-040996.tif,49.902955230634085,0.0,97.45282859061221,167.87960220960753,1.3293005310382713
X-040997.tif,35.187324722493855,0.0,104.73449371859296,78.1593125335415,1.474035614968044
X-040998.tif,43.790692747218564,0.0,97.96228477272727,130.84621362373738,1.3091069823232324
X-040999.tif,47.74569100234988,0.0,105.05433202261918,146.38514470284238,1.9924116765906452
X-041000.tif,38.71340865540034,0.0,74.53142286939345,126.35619375391434,2.0062151924651923
X-042001.tif,58.00688213057891,0.0,111.84513219880948,193.15788279832987,3.3355775237677876
X-042002.tif,53.16422069494546,0.0,109.33797886999896,167.68299182163432,3.538436907559313
X-042003.tif,63.52399610788363,0.0,128.6821939095414,205.1530313208288,3.8838790117728244
X-042004.tif,52.32106160912224,0.0,123.27367815769406,148.1646677321946,3.528679566875095
X-042005.tif,52.997589481714456,0.0,127.5138057522606,144.67588169856313,4.4207474428344895
X-042006.tif,47.052735689152136,0.0,98.99011971325261,148.45753092361383,1.9188101243495899
X-042007.tif,38.26172658769346,0.0,95.99587008698454,101.48130573453608,1.9034035787156358
X-042008.tif,39.4668534006639,0.0,104.37632717636356,98.70770897440968,2.4244071246819336
X-042009.tif,38.59969147497275,0.0,96.3295679603048,102.4359832156148,2.462028404344194
X-042010.tif,44.687710133712294,0.0,105.98863745704467,125.13740808215944,2.765826945777918
X-042011.tif,53.48797614402328,0.0,104.2062417905331,176.73488790802458,2.3581939050370986
X-042012.tif,55.87521302065477,0.0,111.13720657276995,182.55282605177993,2.412342050685993
X-042013.tif,61.315043164432176,0.0,130.23737379763227,191.34019166204217,3.1112771110802813
X-042014.tif,59.16464604621551,0.0,123.56362803918034,186.70282019109428,3.2850536386034492
X-042015.tif,61.624112271982526,0.0,137.87872144408385,183.2321833410605,4.6478304458163535
X-042016.tif,59.09476618816641,0.0,112.24667247494749,198.34653119368207,3.5236642905517868
X-042017.tif,58.35607787957496,0.0,112.38264486518145,195.40197011916294,2.7126394701867413
X-042018.tif,64.53703181977733,0.0,127.07456528690709,212.56340040267662,3.1666339788002604
X-042019.tif,62.16798184029409,0.0,127.08940369933097,200.02154978354977,2.9310807011170645
X-042020.tif,65.84020012371154,0.0,126.78692699391004,218.75551597554988,4.293921039412565
X-042021.tif,48.057543951724526,0.0,98.8883899803591,142.0702987531089,2.8787487355823
X-042022.tif,52.25416259457,0.0,109.14340029198075,162.38371823289157,3.120938905583422
X-042023.tif,44.76678334369811,0.0,92.49243368060775,127.02130461477978,2.9001917139784696
X-042024.tif,41.31402556209506,0.0,93.67609597646407,120.64535938121706,1.5006332155732665
X-042025.tif,48.01841189596322,0.0,97.64343049620133,149.16193144586896,2.69460638651472
X-042026.tif,67.27843665339861,0.0,111.85268594836147,248.3329042180924,0.4274363030217052
X-042027.tif,67.13171038165396,0.0,152.16598041688962,200.01713543816732,2.461872626965319
X-042028.tif,54.495301750203396,0.0,120.97677163098083,167.1096323220992,2.6599579695654296
X-042029.tif,59.48971050522979,0.0,131.76216180300244,175.9619506612541,4.074618604473039
X-042030.tif,62.386820064832676,0.0,125.52877187742007,205.06289121215474,3.0968703396393407
X-042031.tif,49.65846993981823,0.0,106.88436322033898,154.6465264527845,2.2519726997578693
X-042032.tif,47.357743877002015,0.0,85.89899813232566,161.68679797472126,1.8779105501883187
X-042033.tif,48.54979879211079,0.0,105.48847696069213,149.2776320020385,1.916764874686793
X-042034.tif,52.25269137793478,0.0,106.62707108741463,166.93256465374094,2.3790477800655747
X-042035.tif,45.68421070342107,0.0,94.17343492159593,145.9743850820367,1.5852843615668706
X-042036.tif,53.905809843061604,0.0,105.83873619361937,180.01161844517785,1.5070916269404717
X-042037.tif,60.215541581566264,0.0,113.46584639124833,203.63210673665793,2.87210847266139
X-042038.tif,49.95202925331135,0.0,79.83368761776315,183.8365111300634,1.5779488552595913
X-042039.tif,44.53803244462494,0.0,70.25575399033902,163.2607601902046,1.0121129418267931
X-042040.tif,45.58267244024694,0.0,98.546139593139,139.29498910994212,1.5056759218974543
X-042041.tif,45.90356682183371,0.0,112.5905087868007,125.70083672787183,2.619752692151572
X-042042.tif,43.87917199608238,0.0,89.98600482065804,137.82975504539735,2.7088874617943186
X-042043.tif,49.003922752092265,0.0,97.77498855633803,154.99620938967135,3.1277834976525822
X-042044.tif,53.47763618699484,0.0,108.16310435501119,171.3859555142413,2.9020989963060173
X-042045.tif,40.69325289257354,0.0,67.50845593848719,143.79945612495612,2.0217924381361883
X-042046.tif,40.508251413741206,0.0,86.76464271005409,123.2892222511371,2.296501787694327
X-042047.tif,37.76230784392513,0.0,80.96346174509999,112.47332431267203,2.1221548767950122
X-042048.tif,41.79375978677328,0.0,85.70353552357679,126.54299678402269,2.720226337225088
X-042049.tif,39.67784051908765,0.0,83.08378950873687,123.67335477388109,2.007577708840867
X-042050.tif,36.04463683663059,0.0,74.03615234054277,111.12527945998072,1.8178683675437388
X-042051.tif,42.379158227285274,0.0,84.97030172922145,128.1904801338752,2.8040610513453927
X-042052.tif,50.60124496811311,0.0,100.46563791124824,160.39282793460396,2.4375643262881694
X-042053.tif,43.2609576504073,0.0,83.74266649302541,136.96945232389882,3.03724468368351
X-042054.tif,40.92554779978601,0.0,64.83673418422053,145.88564323844443,2.61457301142587
X-042055.tif,46.591117076614886,0.0,96.00984386652416,149.0359779717373,2.3512983968649803
X-042056.tif,47.61753611152085,0.0,104.29968962633117,146.9997152954481,1.9898664122137404
X-042057.tif,44.04111262932192,0.0,93.7503178815159,137.0188142756885,2.2629776874304244
X-042058.tif,41.655187957427536,0.0,91.1815390875,124.3628611875,1.465607575
X-042059.tif,44.44844248595607,0.0,97.66121568431568,134.32641215034965,2.3740771103896106
X-042060.tif,34.37904434700496,0.0,32.98635285405304,142.68143953357156,1.9346790365807787
X-042061.tif,47.470516552193715,0.0,106.62010562359256,143.02642361723787,2.173022401826202
X-042062.tif,40.028214466798715,0.0,99.63250686770628,107.13105915157553,2.1599791508465414
X-042063.tif,32.28175684787505,0.0,107.00261541823619,57.68455369928401,2.130194749403341
X-042064.tif,50.0701020364504,0.0,98.72751367176711,165.49244553695826,1.9579769958324893
X-042065.tif,53.83093134624625,0.0,107.02118949201957,177.98935908237388,1.688333893363641
X-042066.tif,45.67961850796764,0.0,1.5463626924453993,172.11159984485022,67.2854231531209
X-042067.tif,52.415576732741094,0.0,26.569859037455316,211.53819904937058,39.49006607781174
X-042068.tif,40.7037608543975,0.0,90.18753125327054,120.17347216117216,1.943485151753009
X-042069.tif,47.0970853398429,0.0,71.15835029305563,174.576105513109,2.2583922235595795
X-042070.tif,53.7460601301012,0.0,46.737511891264795,231.4766432356896,8.289339507474885
X-042071.tif,50.14955402832169,0.0,93.65498943454138,165.5688386495101,3.6910102113091723
X-042072.tif,46.66278289958426,0.0,98.2336992063492,142.16516731078906,2.5776244421440073
X-042073.tif,49.41073245270589,0.0,92.19423684962835,163.72507229130932,2.808582058795502
X-042074.tif,51.83701230552613,0.0,109.28463363462974,157.91185800765285,3.963980014926611
X-042075.tif,47.799295447407296,0.0,93.12814898432637,152.16191798789114,3.5862253154529506
X-042076.tif,37.88426068275667,0.0,88.09012599347068,104.92328587189013,2.452285883147585
X-042077.tif,34.65818662487323,0.0,78.70814338600451,97.61626355530474,2.257538069977427
X-042078.tif,47.75422157606252,0.0,109.28098832366634,137.25576836583897,3.2750675288111637
X-042079.tif,38.31932893336318,0.0,81.42725325768404,113.70750589170305,2.548717799842152
X-042080.tif,32.46376241486384,0.0,76.23984723497304,87.00910513167193,1.512032860950219
X-042081.tif,50.79405478107339,0.0,98.63758311606334,160.28934147158108,2.4571521365644813
X-042082.tif,51.49418468673964,0.0,94.3219743987918,170.23024597621352,2.2246952396611674
X-042083.tif,45.224059687731035,0.0,71.61853973025399,163.8067363907574,2.1336814093038554
X-042084.tif,47.39862836775272,0.0,61.46385115432784,186.82804256953142,0.36238343297336895
X-042085.tif,44.098585195636694,0.0,57.17590693242095,176.9502009116168,0.9101821970653746
X-042086.tif,49.69614365706757,0.0,92.6732762025012,168.35072981000482,1.657492797017797
X-042087.tif,49.64421030850666,0.0,93.6411646914489,165.9301891792418,2.108017347564716
X-042088.tif,64.25061788493697,0.0,123.96630480769231,214.98892257149902,2.4159205004930966
X-042089.tif,55.19209542403194,0.0,106.11118833763273,184.10637518747376,2.352058563801068
X-042090.tif,46.70263558400364,0.0,109.12641103117507,134.39484452243084,2.278863671989238
X-042091.tif,40.59439999467628,0.0,87.3739895386298,122.59001625078757,2.8983442266313197
X-042092.tif,41.91969370360312,0.0,87.99730788055103,128.97192657368586,1.946103248623827
X-042093.tif,36.05619472685894,0.0,84.21624657646146,99.8941626261035,1.6205432033934897
X-042094.tif,31.10389880040166,0.0,81.83990022108205,76.67754434453046,1.4858736197269546
X-042095.tif,38.22117373534542,0.0,82.25814141414142,115.15381972739442,1.3591357186321043
X-042096.tif,47.64768354070033,0.0,97.79986420902377,150.52726933531932,2.43333492211258
X-042097.tif,52.34319777136773,0.0,97.66123049882606,175.6989200933905,3.331808916696179
X-042098.tif,48.246856350156676,0.0,91.08837028173473,161.1333242545109,2.101623741690408
X-042099.tif,42.58929674833234,0.0,89.47533478532604,130.67861256415597,2.318527919294458
X-042100.tif,45.0563682103507,0.0,95.65595647528984,138.95691252852188,1.9234750392381856
X-042101.tif,33.57552064881911,0.0,98.18996393518519,71.78848172453704,2.786232939814815
X-042102.tif,38.6619531920177,0.0,83.54237300845571,114.46524740765464,3.0313672007120607
X-042103.tif,45.019294156143005,0.0,102.0405455883675,127.33686883090616,4.1897923296476085
X-042104.tif,38.628624253314754,0.0,103.81470792360632,94.40470919360887,2.7437368070926618
X-042105.tif,52.56484977711705,0.0,116.93143444806155,154.51314953217837,3.9040105857445306
X-042106.tif,50.538411923646116,0.0,109.50373483910546,151.6248126707936,3.7768339746807205
X-042107.tif,50.657088305384164,0.0,106.57064860455695,153.8560359782335,3.6723600013138733
X-042108.tif,52.540136470277524,0.0,111.17215338602088,159.72443539733177,3.546816101121423
X-042109.tif,53.011214720403295,0.0,107.97012017847118,164.0431619655468,4.175025192802057
X-042110.tif,47.68035021112281,0.0,108.50677514186852,135.63918619238754,3.219940739100346
X-042111.tif,52.65851702599906,0.0,101.2968293330459,167.82939143062984,2.613634011992353
X-042112.tif,47.24329819264923,0.0,92.50071545346097,149.4931970100312,1.1463611938719744
X-042113.tif,47.470172277806675,0.0,86.76130396434436,159.53932843068262,2.5805554421768706
X-042114.tif,36.75587985173583,0.0,76.30622468090182,108.41995434808541,1.2846983657401885
X-042115.tif,40.947765463926395,0.0,88.50351695156695,123.21398188509022,2.202914613010446
X-042116.tif,44.55925080867902,0.0,69.06281511325884,164.53750659015404,1.8261339776502568
X-042117.tif,43.1762757818872,0.0,85.01645680615681,140.97503641173643,2.0127021645021643
X-042118.tif,46.170456541713776,0.0,97.73935203932282,143.5153674074255,2.493561594379665
X-042119.tif,51.05799073143187,0.0,105.5887887108014,162.24281308837504,2.080042648083624
X-042120.tif,41.86883101377351,0.0,92.57236110421836,127.9612503349876,2.0445756079404465
X-042121.tif,36.97807121631175,0.0,75.46718123135082,115.32385854563178,1.5224373328261154
X-042122.tif,44.7253872190054,0.0,60.808454427203735,173.77760380487385,1.7408468001948056
X-042123.tif,44.41841492173106,0.0,72.18890360578496,160.32125454664438,1.8677247086399629
X-042124.tif,38.928792132212536,0.0,88.84641133440854,113.56245140713625,1.4985234099873754
X-042125.tif,37.13744506535656,0.0,36.816481409517124,157.40663408213408,1.1580166223737651
X-042126.tif,58.99456377404535,0.0,130.66593138521557,178.31401639053556,2.4922116583067337
X-042127.tif,42.32224828651077,0.0,122.04769177513525,97.10311697198564,2.056873828271466
X-042128.tif,58.69840951221104,0.0,127.83896352231666,181.05368388976538,2.384699603033233
X-042129.tif,57.72455780194528,0.0,126.84305782001374,176.36733147596877,1.8355052286085032
X-042130.tif,45.84457297899651,0.0,119.22997812663527,118.94089411302983,1.8526752616431188
X-042131.tif,42.03704220895732,0.0,92.42048445103406,125.39696663371858,1.2234910786699107
X-042132.tif,41.64409308801492,0.0,73.20104564351506,143.07431058003485,1.6694766865820263
X-042133.tif,41.149454451959606,0.0,83.22558766420684,129.9669693044434,1.7815097084838019
X-042134.tif,44.406237470717265,0.0,64.71299477730258,164.14866915810651,2.154156627629668
X-042135.tif,45.44919050332611,0.0,95.0819544921272,141.6679389070701,1.9542069157147268
X-042136.tif,47.99623145400976,0.0,105.18145888330942,143.73784758488762,3.100416200382592
X-042137.tif,39.75794772954303,0.0,61.67487181879066,139.92514464934942,1.9727809629735935
X-042138.tif,55.58137345796398,0.0,108.74625073954427,180.25524708823784,3.780269961506566
X-042139.tif,52.78239151580558,0.0,99.87773462173567,174.21611938107762,2.8641111613968566
X-042140.tif,47.218195662238124,0.0,96.49936914031464,141.6089884242565,3.360450989499933
X-042141.tif,63.75422009742307,0.0,118.99385881086899,203.6171899799719,5.16490214928407
X-042142.tif,51.90249566727319,0.0,100.50120653030636,172.47275212228496,1.234576783430026
X-042143.tif,54.68399452594536,0.0,107.60390907732165,180.08667990235153,1.7517058838182542
X-042144.tif,49.75370455574094,0.0,76.48693349995769,185.23535429155356,1.3082726651436158
X-042145.tif,40.69104145235021,0.0,47.56473034963354,167.5887896671873,1.3922539468941488
X-042146.tif,55.83002158356786,0.0,112.67860870583017,181.88455179636293,2.9258990685525603
X-042147.tif,50.3969192104716,0.0,87.34800023384824,180.6809430449638,1.4462200901614852
X-042148.tif,58.33824649134781,0.0,131.08895625598447,175.47453872689832,2.328391781109406
X-042149.tif,62.08802922775308,0.0,118.68161103989334,214.2772160547636,2.2890520715824016
X-042150.tif,58.324165256435585,0.0,111.03442620266377,199.59481726760794,1.5028356802230014
X-042151.tif,49.41224755729575,0.0,53.59513123486683,202.12292055194143,8.508320382741621
X-042152.tif,62.84136033890166,0.0,124.72278613430845,210.50165345654,2.909563917576716
X-042153.tif,57.81926510713542,0.0,33.944648562380614,225.0736535261888,50.47932855383533
X-042154.tif,43.145509003340585,0.0,84.06918593921547,143.27629359090707,1.9440149264150584
X-042155.tif,51.797032340182994,0.0,121.24376345702456,151.54599818023578,2.4985648258037294
X-042156.tif,48.813474731691606,0.0,98.27874962427822,154.7876430247581,4.114964642602895
X-042157.tif,54.90191804858168,0.0,118.48968413069159,170.9153719125859,3.658654249892612
X-042158.tif,41.72074669388326,0.0,123.61393697154993,91.21261208890813,4.196948321811713
X-042159.tif,54.962657250418125,0.0,108.0052086286512,184.55030996295102,2.0027123738187287
X-042160.tif,45.784432027961884,0.0,116.69424663777492,119.63382465563897,3.638494143658399
X-042161.tif,51.690723314382375,0.0,91.95746587498368,164.72916364348166,3.2694656009395797
X-042162.tif,53.35016430838038,0.0,101.42041183897801,172.60018925777382,2.6713623984947517
X-042163.tif,64.8513749985714,0.0,123.1729235618295,209.7016657971793,4.321163540348051
X-042164.tif,62.554611711245165,0.0,121.66830089652241,199.16268952915127,3.4609548312596363
X-042165.tif,45.36113256358705,0.0,91.04318203937181,138.36173937673573,3.0925247855685813
X-042166.tif,42.683548043839416,0.0,81.99336799060283,133.0996904715541,2.567567831052093
X-042167.tif,32.18619780822106,0.0,82.31979623069124,78.21168944951393,2.0778077056122144
X-042168.tif,41.336172421332165,0.0,82.30095994053335,123.2410537367981,2.915112410567721
X-042169.tif,37.22329388409077,0.0,80.37192312972716,103.8212253188887,2.7622093931754077
X-042170.tif,41.80567124248218,0.0,84.03433451822765,122.42558492521752,2.6303036052899538
X-042171.tif,56.842845403148864,0.0,98.4446363224551,167.03822841101223,6.713113522825151
X-042172.tif,49.20247048352371,0.0,23.104916014430337,202.64209143791584,10.820320301089765
X-042173.tif,55.45622879988813,0.0,98.2257140587167,173.5466299561138,3.0090463579499596
X-042174.tif,50.25447994534393,0.0,85.61365807145481,168.03483493783116,1.391887112428519
X-042175.tif,44.71214100185017,0.0,95.98930510458547,131.85348876533158,1.4802058120006107
X-042176.tif,43.49997480491552,0.0,91.13903410088976,130.58235271954277,2.8421221089344586
X-042177.tif,38.38658195599959,0.0,84.92457739393339,112.28753547531721,1.5311547878667724
X-042178.tif,31.135305680300565,0.0,54.097646338619406,100.30646985126451,3.3497511271766167
X-042179.tif,46.15426176755615,0.0,102.13241453728082,135.78123600982454,2.2676971820759064
X-042180.tif,37.804894012946306,0.0,91.33391027578159,100.20324174190775,1.9904595909342178
X-042181.tif,51.88089070125114,0.0,105.33862107756819,158.13977829154896,3.664919378745075
X-042182.tif,57.665713022130454,0.0,115.67718060054939,182.7342023175776,2.855080306905371
X-042183.tif,57.129295326239635,0.0,115.3801533189926,181.41779004143586,2.671144467076583
X-042184.tif,63.059069248468724,0.0,86.42397630375967,243.56602778866187,2.1112842118356814
X-042185.tif,59.558880658367734,0.0,131.4498492412088,174.91097601325583,2.390488269640462
X-042186.tif,64.7195218029189,0.0,131.36628673399855,204.7048601210355,2.4707011557066814
X-042187.tif,59.55232145940978,0.0,127.9415879513157,180.782772421296,2.5075724892908138
X-042188.tif,48.332098358313935,0.0,121.81175122839431,125.56483644615817,1.6159851789372213
X-042189.tif,50.86807823958599,0.0,119.36666035465609,141.2436850175224,2.7216091418953128
X-042190.tif,54.453421339227205,0.0,128.57943203463202,151.64538371339947,2.395388949108634
X-042191.tif,48.132306903307885,0.0,104.1870559598554,145.67052463850837,2.7543527753995436
X-042192.tif,45.03837518073009,0.0,92.00884185580166,144.06538509479537,2.5872545916507157
X-042193.tif,46.91137812647817,0.0,108.90913852951573,134.13690287498528,2.9384878637916816
X-042194.tif,48.27845934634255,0.0,100.16814306555145,148.62455335780976,3.505131601342151
X-042195.tif,48.896046018399986,0.0,97.27102958924027,157.5495498000727,2.566912019871562
X-042196.tif,46.150838772194156,0.0,89.14584761352525,148.78607565318234,3.0420744025285944
X-042197.tif,41.296467141689945,0.0,78.5128829645993,135.49562589952137,2.0992140442480838
X-042198.tif,42.372130703111324,0.0,86.71823671397493,129.28736490670718,3.467171299653533
X-042199.tif,34.67258537275556,0.0,40.83792153804625,136.06831909060915,2.3597257190846106
X-042200.tif,47.59085591661173,0.0,94.35200325837205,153.2341810306568,2.656515025027668
X-042201.tif,37.33932317554691,0.0,92.29020297477565,93.23781978276384,1.2544324719183202
X-042202.tif,43.93098005901209,0.0,98.76122839733367,122.9818406505775,2.176101944838787
X-042203.tif,43.036054031250444,0.0,90.23461474793078,126.60289635633993,2.002006920217981
X-042204.tif,48.77626495174503,0.0,98.3752423206165,158.1494803310417,1.1452019021835929
X-042205.tif,40.42547224104473,0.0,77.9336352465073,131.99441940911004,1.22354594232059
X-042206.tif,60.58262400893455,0.0,119.40738742897311,201.4708420596333,1.1571562415792864
X-042207.tif,65.93938069815296,0.0,147.89478171547907,197.06174865388488,4.08644298510467
X-042208.tif,55.91522069135273,0.0,119.26404191846642,170.70079092777888,3.364631996730731
X-042209.tif,61.93593570201466,0.0,134.84758481028774,189.171359574739,3.1988605933282406
X-042210.tif,46.2168305488967,0.0,116.1612534769715,122.9138350783756,2.578425419112752
X-042211.tif,41.31326220197975,0.0,116.04854300113209,96.95294763174232,2.2110036884198223
X-042212.tif,48.14285018417157,0.0,114.01432167072832,136.40664984421755,2.359756325384829
X-042213.tif,39.1450616984591,0.0,115.49809106538409,85.3208643121018,2.562523631907388
X-042214.tif,52.86057995958992,0.0,110.59903315287123,165.18004457518384,2.410208030042247
X-042215.tif,47.91522014190492,0.0,75.28485487101378,176.84985435530876,2.1063316103188976
X-042216.tif,34.70641622102237,0.0,111.05425794690528,65.9028364643069,3.0931831495946214
X-042217.tif,40.90815050365902,0.0,97.36183858112373,116.00625737847223,2.3885207281144782
X-042218.tif,44.4934490255401,0.0,95.50124694638325,136.10677998096446,3.1059284581218276
X-042219.tif,37.50645152705328,0.0,86.72483255289288,105.70585182124634,2.511950865042826
X-042220.tif,38.2809228492824,0.0,84.64361583082845,113.24808222591362,1.898327611664821
X-042221.tif,56.04541258460794,0.0,106.7614070902351,189.97272449673878,2.6816741119609593
X-042222.tif,47.14136834695776,0.0,70.91939071093226,174.39716476637602,2.935413067292645
X-042223.tif,57.74198607342083,0.0,102.6267201687281,199.3254814113105,3.6703982984199612
X-042224.tif,64.04093979886294,0.0,127.64337054412383,209.47408699982003,3.6553668726378308
X-042225.tif,58.0912537021029,0.0,111.46056400550194,191.40677570507793,4.449918619058987
X-042226.tif,43.09337150009203,0.0,67.42336323410197,154.99653554539722,2.672053368762385
X-042227.tif,46.70575048050738,0.0,91.33995561719834,152.13040341897278,2.433594357484094
X-042228.tif,49.461784604198336,0.0,105.75902564938004,147.0607038585694,3.4661222433402723
X-042229.tif,53.64866025491249,0.0,109.80887795497458,169.23710264052286,3.152349792302106
X-042230.tif,52.47797573976253,0.0,101.24222317321787,168.60650595589104,2.3105315766122465
X-042231.tif,42.54672266668834,0.0,33.95209576388524,180.26499575278524,2.1114784046362995
X-042232.tif,42.202155369422115,0.0,58.99137476452961,158.09733029612755,1.8573590568432767
X-042233.tif,53.163585591782244,0.0,94.28906705258626,188.5897661599112,2.027599519677368
X-042234.tif,44.99211318847427,0.0,43.31381622962438,196.21412052917552,1.6315390503189227
X-042235.tif,46.043966825079266,0.0,55.5371069050333,190.08889518267443,1.1210389465474833
X-042236.tif,38.593375296145815,0.0,86.54907694498094,113.97575599217551,1.6857873520526916
X-042237.tif,37.55104108375058,0.0,82.27931259171939,114.91168193518897,1.5668709312675921
X-042238.tif,33.63731383909908,0.0,88.15172866586539,84.82174075721154,1.9031687379807691
X-042239.tif,33.48762075363531,0.0,79.39793266995486,93.56037232014366,2.094328519944404
X-042240.tif,33.623383187042975,0.0,76.2723865412871,98.17589456362033,1.7724745812518365
X-042241.tif,51.6665692890704,0.0,95.86563875471607,172.5826087400572,3.5893250546704154
X-042242.tif,59.231379161807425,0.0,114.08532473646022,195.1796555194403,4.65941334009757
X-042243.tif,52.23317751688932,0.0,101.82188996178418,174.4201062341375,2.9207140931765805
X-042244.tif,61.21128284009543,0.0,118.79632383421296,203.79102867101207,3.400780102081951
X-042245.tif,48.48077251636629,0.0,91.84954882833988,156.66198380334203,4.492406652242473
X-042246.tif,52.82938766128005,0.0,106.749914259039,171.4584353553569,1.8116719103710242
X-042247.tif,34.362303206587654,0.0,109.53014128829827,64.89961787428149,1.8728517903285344
X-042248.tif,35.69526820348902,0.0,99.8712710751237,83.12689153653365,2.865890264121843
X-042249.tif,30.306935566915506,0.0,108.77243144591554,51.17926089800618,1.54021527814119
X-042250.tif,52.75838271772612,0.0,113.5413392164519,166.1377392424834,1.6309523233112067
X-042251.tif,47.590284651928705,0.0,47.688338754623295,189.78171500227998,11.688683373866342
X-042252.tif,55.939587972144714,0.0,35.932909351756074,208.8354246588838,54.03584951480223
X-042253.tif,61.4707904279441,0.0,90.3749939587242,230.41571322076297,6.165549068167604
X-042254.tif,42.86034469819227,0.0,43.30023506526104,175.69132998242972,5.006222728413655
X-042255.tif,59.16232337504074,0.0,104.30383125608569,206.0648275194742,3.8550018743914314
X-042256.tif,48.108930899973444,0.0,72.50866135342704,179.27307203062358,2.46421988359175
X-042257.tif,51.35056916155477,0.0,97.01398748231966,172.1384862446959,2.752070179160773
X-042258.tif,49.62888656409976,0.0,99.4953666714913,158.4113834973706,2.173651336421093
X-042259.tif,46.44580245415429,0.0,109.01970323895587,128.07088712766742,3.4668955504260492
X-042260.tif,55.71360540146744,0.0,109.93563772551546,177.78133605521413,3.685192295301348
X-042261.tif,54.73598440494534,0.0,107.0086303500508,166.09357367076137,3.4409097503155692
X-042262.tif,38.278867017659316,0.0,48.52548970535017,142.52611128252988,2.8708646997949323
X-042263.tif,50.554745564174176,0.0,96.84667690489503,168.85262207085853,1.432844723733035
X-042264.tif,43.90996430314305,0.0,83.71303572704082,135.09571903061226,1.8363679846938776
X-042265.tif,45.079863571714846,0.0,69.57450904910155,163.1381628450737,2.0606326232705947
X-042266.tif,51.265120223896204,0.0,94.37853054530018,172.7093563425396,2.1016695910570258
X-042267.tif,50.64756321390494,0.0,89.63072460485122,179.6104954312912,2.4406200972282317
X-042268.tif,47.923737928616774,0.0,114.56287618719362,135.56488910590278,3.2767714205473855
X-042269.tif,55.647789274818514,0.0,107.54763421097786,187.89815490012901,2.716031343539685
X-042270.tif,51.63878364197668,0.0,95.74702212467612,176.76731376314586,3.290171839658589
X-042271.tif,35.10724952661179,0.0,82.3857060377104,99.17295075096052,1.906262673799413
X-042272.tif,40.94166373157127,0.0,86.92483413219281,127.58886364083278,3.0135834992503012
X-042273.tif,35.1153141683336,0.0,85.69294367496525,96.929657209655,0.8516499304941236
X-042274.tif,44.28756363575431,0.0,92.90004365239295,143.01702550377834,2.2501782871536524
X-042275.tif,36.82956279142494,0.0,89.9339427301738,102.64093662473297,1.750659321676293
X-042276.tif,49.91465420684219,0.0,107.36889980952888,158.7250835142587,2.604868162020326
X-042277.tif,50.04870473151348,0.0,100.3376187398608,165.2003190512324,1.6128089774451828
X-042278.tif,45.34700062226584,0.0,98.59572576265164,141.80858484340897,2.044595908837115
X-042279.tif,48.993318431511476,0.0,95.13335519010379,166.39890227755285,2.028365120603479
X-042280.tif,42.585323600762,0.0,102.67001049727475,122.62433892739385,1.2414700491218627
X-042281.tif,42.05602002680167,0.0,84.20221242009133,135.0139262785388,1.7734591780821918
X-042282.tif,48.187605762871364,0.0,96.45678275932111,154.7759894714273,2.4322952739911528
X-042283.tif,47.44380279690055,0.0,84.1176917585904,161.7013753416634,2.4456710391448655
X-042284.tif,48.336991715730676,0.0,78.67114055059524,171.39821826636904,2.655942819940476
X-042285.tif,71.61996319915335,0.0,138.0365287914975,239.0408909362312,4.325461917840936
X-042286.tif,58.09168668820119,0.0,122.04206366774176,179.13879397951678,2.934401923838624
X-042287.tif,60.98938543191627,0.0,126.65575913697286,191.64434963495697,3.107259245940939
X-042288.tif,46.79605246554407,0.0,83.91577279218686,160.13964643893675,2.244189478048556
X-042289.tif,60.72470056537718,0.0,100.93630200015436,217.75345281618647,2.1825202538634625
X-042290.tif,54.489334346812605,0.0,96.16877987110928,188.21669909228027,2.5222312793089263
X-042291.tif,41.14567548700093,0.0,103.99943694421312,100.35645118018255,1.9524393420265715
X-042292.tif,58.14415173805205,0.0,106.90678584175733,191.4312536092254,2.211453686301248
X-042293.tif,58.83074944088262,0.0,109.3645466737948,195.3359273162568,2.7155047650039514
X-042294.tif,54.28234309411559,0.0,110.76192981927711,175.04911532530122,1.4686607710843373
X-042295.tif,53.9572429921382,0.0,108.67268366240717,178.67606735249342,1.3558583752364257
X-042296.tif,32.19015871249536,0.0,71.01419934851089,94.7751598534746,1.1612351088201605
X-042297.tif,37.90983751211972,0.0,75.96046288976724,121.01026970184941,2.5987024593763723
X-042298.tif,28.369825189911083,0.0,63.23201827294686,83.01474218599034,1.3576510628019323
X-042299.tif,28.94855715092725,0.0,62.66210260636401,86.605255654912,1.3535844331558038
X-042300.tif,29.24232217414467,0.0,69.63994466973593,80.48787018439445,2.1724884902554806
X-042301.tif,42.82715455586419,0.0,104.61494372750202,117.66924104366139,1.2845619168890956
X-042302.tif,39.13983533730473,0.0,109.49377034338906,92.02784620653155,2.3678536533731824
X-042303.tif,44.8271384397315,0.0,75.82193843381094,160.78633925084858,1.5586660538884383
X-042304.tif,47.87971463750708,0.0,100.34119912531953,151.68772145739013,1.9041007853645016
X-042305.tif,35.303831931177804,0.0,73.1556745598496,109.31215348926888,0.7917456466987214
X-042306.tif,51.626235453941256,0.0,120.47574292876858,149.06908268972677,2.4941765085715732
X-042307.tif,42.513552640160746,0.0,82.27053331819882,138.54484585492227,2.4317847337214893
X-042308.tif,36.67387178203236,0.0,81.19660200749942,108.23550925949544,1.4822164247634109
X-042309.tif,50.66863264176102,0.0,88.77794327159201,178.14722180553704,2.435541819750877
X-042310.tif,43.025459136601704,0.0,61.71323502130944,162.78037532803114,1.869349723145072
X-042311.tif,55.93347556021278,0.0,116.04246238139439,175.6763214985561,3.1241553862417493
X-042312.tif,48.358722263427175,0.0,76.79124742066402,176.87768334066794,2.27766681335876
X-042313.tif,63.86863296704093,0.0,118.67886497287347,220.2893722631273,3.5059964154233674
X-042314.tif,52.569688019454716,0.0,109.31717153079973,164.93697115043676,3.1531895690294296
X-042315.tif,54.19411132071945,0.0,122.12939443069307,158.87859422029703,2.7097745668316833
X-042316.tif,38.895960741461955,0.0,81.93028738122617,119.75308573503601,2.111406947890819
X-042317.tif,44.23036056776324,0.0,92.18166719780086,136.73215963217945,2.269105541635245
X-042318.tif,39.27430060453388,0.0,78.97597184942717,121.89369921803964,1.8062047160089714
X-042319.tif,37.382112336669316,0.0,78.67393281495718,111.87084101744838,2.112517910186965
X-042320.tif,49.826279123524664,0.0,101.9105138919461,156.40931442756866,2.77257641793235
X-042321.tif,54.259497647151306,0.0,101.15998018456166,163.78520226960967,4.401248921311884
X-042322.tif,49.89772462089611,0.0,97.99221835268104,159.2865491481984,1.9767252751394542
X-042323.tif,44.96812003120113,0.0,91.93261650240719,137.47752855846545,1.715851737957805
X-042324.tif,41.49684308631464,0.0,61.8412779632828,141.66181734791786,1.1688494466832982
X-042325.tif,45.71587722174284,0.0,84.48218830474833,158.9867878390758,1.1398629955722936
X-042326.tif,51.90718855314098,0.0,103.54299602929044,172.11246712561882,2.652904367780528
X-042327.tif,53.91732877412697,0.0,103.19187105295372,182.9806249943625,2.7527361591639767
X-042328.tif,53.70160563341828,0.0,100.24273825872365,184.68076435613182,2.720290651731942
X-042329.tif,46.631033417788956,0.0,97.31955802804161,148.12054803902566,2.3015381533888997
X-042330.tif,56.31507931751549,0.0,117.44692946586042,174.67870639959688,4.4098674099269335
X-042331.tif,25.929133616903126,0.0,93.0212520886076,38.87117264556962,1.0022300632911392
X-042332.tif,44.65693060830211,0.0,83.2947278715938,154.6439654534629,1.6270692324258587
X-042333.tif,48.43655649854591,0.0,75.46737012611362,181.3176137400851,3.241127450602286
X-042334.tif,51.173860696958094,0.0,56.39072715993684,209.01922801213124,9.126174248690377
X-042335.tif,36.202326506434126,0.0,0.774868674017529,176.66502341480967,14.131312630117973
X-042336.tif,55.0878069607376,0.0,115.4227332011631,176.92068957176843,2.1772063441712928
X-042337.tif,60.69410382759251,0.0,125.8868013585078,195.88838137555626,2.938280212367522
X-042338.tif,43.233362250085676,0.0,129.75670943088326,96.9511584143605,1.8343029441762426
X-042339.tif,46.782204127462954,0.0,102.71994832041344,145.6626910411147,1.1927607496810912
X-042340.tif,37.56166938170014,0.0,111.36101400436465,85.17117809374624,1.3645015195940609
X-042341.tif,25.797694434626152,0.0,55.33094923818807,72.17910811573385,1.1325778997588878
X-042342.tif,24.870109506440382,0.0,57.55231015454518,68.44268894269572,1.982311206767704
X-042343.tif,32.761659371229726,0.0,74.20571411689846,93.77086533691742,2.1334375056813015
X-042344.tif,31.25910095592505,0.0,72.94097242724037,85.78080243666248,2.5974140101549414
X-042345.tif,30.885050943547196,0.0,64.33746515012535,92.36323340059928,2.2837907295297497
X-042346.tif,28.291474204991026,0.0,58.241625056654186,84.37710307483123,2.6503801197490517
X-042347.tif,40.83582195303079,0.0,86.269640180393,126.4453219275326,2.8635543982724267
X-042348.tif,38.510058895733074,0.0,78.26497562085075,119.18443739857389,2.1538979468895993
X-042349.tif,36.87547702632187,0.0,72.52638299647867,114.56327129391386,2.2715286858558974
X-042350.tif,31.130344969588926,0.0,69.40673776898639,87.82055177126416,2.0383521069352035
X-042351.tif,43.941953844092275,0.0,74.69519563462862,142.3097654117312,2.4589560614332853
X-042352.tif,55.16795375924721,0.0,98.3459323132065,186.3389327017069,2.273562097400807
X-042353.tif,53.78706700874468,0.0,98.83892229016787,168.29762882494003,1.5860460431654677
X-042354.tif,59.47533951262567,0.0,99.86179221299298,208.0466843471858,1.4284178734288409
X-042355.tif,45.902107170578084,0.0,93.87788987961136,148.6400292943588,1.813941995138761
X-042356.tif,60.83707137318554,0.0,114.68156287906278,210.34906376030273,2.898194961380955
X-042357.tif,53.70776528403085,0.0,117.61516536185826,166.35560594785935,3.0640807430948507
X-042358.tif,50.9867614977611,0.0,100.36248338857324,171.28587325073653,2.604304555976431
X-042359.tif,43.8416792297916,0.0,90.38668250236354,142.58081871672388,2.067180798129074
X-042360.tif,49.25506217500037,0.0,105.22550342272588,156.979176981848,2.342855617372577
X-042361.tif,27.185637625928063,0.0,63.12318462961574,75.49392482312058,1.3768164079101977
X-042362.tif,28.850662322870466,0.0,63.128661467596444,88.05488769752415,0.7870691574435417
X-042363.tif,32.182412357684136,0.0,68.9029524925061,98.9381742109373,1.3034083478173253
X-042364.tif,38.7965252869789,0.0,76.85789213445312,125.96164383260054,1.8715764506290753
X-042365.tif,29.47078744180492,0.0,58.74618792916037,94.9676779209417,0.8803061586998595
X-042366.tif,39.25681665153084,0.0,71.4458898424826,137.33762089852948,1.1959713485792036
X-042367.tif,22.40592418124433,0.0,93.50804703649871,19.85193752691645,0.5448474510120586
X-042368.tif,22.92538275457032,0.0,73.92838746736292,42.547921300856004,0.29854412532637076
X-042369.tif,36.61452022449446,0.0,83.24539735251255,107.06283895126032,1.4802813056620068
X-042370.tif,32.25331286082207,0.0,69.14685244740569,101.21384350243953,0.8930076071559729
X-042371.tif,53.55351819819037,0.0,106.4788246765467,172.05141534932957,3.039239214302517
X-042372.tif,40.23277139337183,0.0,65.77060618645606,142.46193769290124,1.7176204724945534
X-042373.tif,36.893334749771356,0.0,36.592239161394254,153.0870404244391,1.8996257908621856
X-042374.tif,45.94424500090165,0.0,83.80735877806941,153.41101662292215,2.664220934188782
X-042375.tif,45.317395184043306,0.0,84.47599344037484,148.24297370435974,3.0945136049368607
X-042376.tif,37.37992589873681,0.0,67.6066873918208,125.638319509022,1.3464219469427003
X-042377.tif,42.50462422256391,0.0,76.78314831899326,142.54846762848823,2.5279372853076847
X-042378.tif,39.139238903864126,0.0,93.87764750163778,107.24639236495742,1.8321642546602346
X-042379.tif,42.856420444467346,0.0,81.3381980737887,140.50946885168173,1.2646843799081346
X-042380.tif,40.753933436083834,0.0,77.29896736474988,132.99134828343415,1.7097313924036415
X-042381.tif,58.36929296718645,0.0,102.27183433335756,200.62150667956539,2.9829408988475024
X-042382.tif,53.895659877869626,0.0,127.60901383363733,148.6949278207244,2.4284611482671763
X-042383.tif,54.402924282670796,0.0,119.86823158056727,162.16186127420806,2.549380640655334
X-042384.tif,61.989699742656185,0.0,131.4406358190709,198.62554914425428,1.8517076405867972
X-042385.tif,60.217942320403004,0.0,125.6163378111562,193.87728853491612,1.369745878505239
X-042386.tif,45.468143589132424,0.0,78.91518189353036,161.5598892677844,0.6288227124183007
X-042387.tif,49.222809021214026,0.0,96.23547590734547,160.4203851356373,1.7240224328006937
X-042388.tif,51.37006834967917,0.0,101.50451836433643,168.94383159565956,1.6307813406340634
X-042389.tif,42.79926439955656,0.0,81.08011509488176,144.27369387984558,1.415228703136907
X-042390.tif,40.449800895573226,0.0,81.79318627974601,130.89810096730164,1.6325715150436175
X-042391.tif,36.448135253970634,0.0,110.46689146791246,77.23141734693877,1.090277403491517
X-042392.tif,41.0577361322501,0.0,113.77457215317965,98.90897912279037,1.7521510166650855
X-042393.tif,46.89068532058038,0.0,112.50778672462194,131.40157686618974,1.0861466992665036
X-042394.tif,55.98272917971639,0.0,83.15499052420468,202.31784860807008,9.664626101676204
X-042395.tif,50.955126252956795,0.0,84.23405846764133,184.0017012873609,1.8207865750212064
X-042396.tif,51.42264676471736,0.0,108.37104548192401,161.76282990989662,2.344841870413394
X-042397.tif,38.32766425890947,0.0,117.21734485186661,78.08965684867809,2.79401436163146
X-042398.tif,29.118366122719078,0.0,133.94489477979275,11.665839248704664,2.4771393134715027
X-042399.tif,33.81598470330313,0.0,137.36923270876997,36.72333615312745,2.5412271786066007
X-042400.tif,39.4184781751046,0.0,109.21701157255201,95.09878586833592,1.9503424028826175
